q_id,doc_id,Gender,PlayerName,NumSeasons,AvgPER,CareerPoints
1,1,0,Michael Jordan*,15,27.37,32292
1,2,0,Hakeem Olajuwon*,18,22.91,26946
1,3,0,Alex English*,17,19.11,26931
1,4,1,Oscar Robertson*,14,22.81,26710
1,5,0,Paul Pierce,19,18.56,26397
1,6,0,John Havlicek*,16,17.33,26395
1,7,0,Kevin Garnett,23,21.04,26394
1,8,0,Ray Allen,20,18.66,26218
1,9,0,Carmelo Anthony,16,21.02,26126
1,10,1,Clyde Drexler*,17,20.93,23848
1,11,0,Joe Johnson,20,14.87,21606
1,12,1,Walter Davis,17,18.04,20445
1,13,0,Kevin Willis,27,14.46,19923
1,14,0,Jamal Crawford,19,15.11,19364
1,15,1,Chris Webber,19,19.29,19172
1,16,0,Jason Kidd,23,17.59,18992
1,17,0,Jason Terry,18,15.36,18715
1,18,0,Jeff Malone,17,13.94,18679
1,19,0,Andre Miller,25,16.02,18135
1,20,0,Calvin Murphy*,13,17.67,17949
1,21,0,Chris Mullin*,16,17.79,17911
1,22,0,Jerry Stackhouse,20,14.23,17658
1,23,0,Rolando Blackman,13,16.22,17623
1,24,0,James Edwards,25,13.41,17263
1,25,0,Jason Richardson,17,15.79,17105
1,26,0,Jeff Hornacek,16,17.4,16933
1,27,0,Elton Brand,17,18.61,16827
1,28,1,Mike Mitchell,12,16.18,16742
1,29,0,Latrell Sprewell,13,15.12,16712
1,30,0,Dwight Howard,13,21.52,16652
1,31,0,Pete Maravich*,12,17.22,16537
1,32,0,James Worthy*,12,17.49,16320
1,33,0,Al Harrington,20,13.24,15991
1,34,0,Walt Frazier*,13,18.03,15581
1,35,0,Bob Dandridge,13,15.49,15530
1,36,1,Jo Jo,17,11.93,15525
1,37,1,Eddie Jones,18,15.9,15428
1,38,0,Armen Gilliam,17,16.09,15213
1,39,1,Baron Davis,17,17.74,15092
1,40,0,Jerry Lucas*,13,18.27,15063
1,41,1,Xavier McDaniel,14,14.96,14979
1,42,0,Purvis Short,12,16.64,14607
1,43,0,Alonzo Mourning*,17,19.8,14593
1,44,1,Bill Laimbeer,16,15.83,14508
1,45,0,Joe Barry,14,14.66,14192
1,46,0,Nick Van,15,15.7,13980
1,47,0,Mark Jackson,21,15.5,13932
1,48,0,Kevin Johnson,14,19.44,13859
1,49,0,Kevin Martin,16,15.96,13856
1,50,0,Archie Clark,12,17.07,13757
1,51,0,Kendall Gill,17,14.11,13570
1,52,1,Corey Maggette,14,16.84,13198
1,53,0,Donyell Marshall,21,15.33,12925
1,54,0,Bill Bridges,19,13.47,12924
1,55,0,David Wesley,16,13.38,12790
1,56,0,Bill Cartwright,15,13.5,12713
1,57,0,Dell Curry,16,15.68,12670
1,58,0,Tayshaun Prince,19,12.97,12558
1,59,0,Antonio McDyess,17,16.48,12517
1,60,1,Red Kerr,12,16.71,12480
1,61,1,Dikembe Mutombo*,20,16.33,12478
1,62,0,Charles Oakley,19,12.73,12417
1,63,0,Cazzie Russell,12,15.47,12377
1,64,0,Kelly Tripucka,10,15.72,12142
1,65,0,Billy Knight,13,15.92,12079
1,66,0,Sidney Moncrief,11,17.75,11931
1,67,0,Paul Millsap,11,19.03,11890
1,68,0,Bingo Smith,13,13.6,11775
1,69,0,Kyle Korver,18,12.66,11713
1,70,0,Junior Bridgeman,12,15.2,11517
1,71,0,Rudy LaRusso,10,15.28,11507
1,72,0,Steve Francis,11,16.65,11451
1,73,0,John Starks,15,13.2,11344
1,74,0,Dan Roundfield,11,17.44,11318
1,75,0,John Lucas,22,13.5,11098
1,76,0,Ricky Sobers,11,13.71,10902
1,77,1,Fred Carter,12,12.24,10831
1,78,0,Corliss Williamson,16,14.28,10689
1,79,0,Jerry Sloan*,11,12.86,10571
1,80,1,Grant Long,17,12.21,10457
1,81,0,Wayne Embry*,11,14.8,10380
1,82,1,Doug Christie,19,11.94,10061
1,83,0,Walt Williams,15,14.14,9988
1,84,0,John Williamson,11,13.97,9919
1,85,0,Tom Meschery,10,13.08,9904
1,86,0,Leandro Barbosa,16,14.29,9743
1,87,1,Diana Taurasi,18,21.4,9693
1,88,0,Jim Washington,15,11.49,9654
1,89,0,Kenny Carr,14,13.53,9637
1,90,1,Michael Adams,11,15.8,9621
1,91,0,Jarrett Jack,14,13.76,9618
1,92,0,Marc Gasol,9,18.72,9592
1,93,0,Ron Brewer,20,11.38,9578
1,94,0,Nate Williams,12,15.18,9563
1,95,0,Isaiah Rider,9,14.66,9405
1,96,0,Bobby Jones,17,13.88,9377
1,97,0,Jon McGlocklin,11,12.99,9169
1,98,0,Marvin Williams,12,13.7,9122
1,99,1,Shane Battier,15,12.27,9032
1,100,1,Rick Fox,13,13.35,8966
1,101,0,Adrian Smith,12,12.05,8940
1,102,1,Desmond Mason,12,12.19,8914
1,103,0,Dave Greenwood,14,12.56,8894
1,104,0,John Tresvant,19,14.76,8890
1,105,1,LaSalle Thompson,19,10.68,8875
1,106,0,Terry Tyler,11,14.32,8868
1,107,0,Nazr Mohammed,28,14.04,8765
1,108,0,Troy Murphy,16,13.38,8667
1,109,0,John Block,14,15.39,8620
1,110,0,Anthony Peeler,15,13.13,8486
1,111,0,Roy Hinson,10,14.17,8384
1,112,0,Vern Mikkelsen*,8,18.47,8368
1,113,0,Marcus Thornton,16,14.49,8356
1,114,0,Jason Williams,14,13.03,8320
1,115,0,Wilson Chandler,11,13.3,8315
1,116,0,Mike James,20,11.35,8290
1,117,0,Kyrie Irving,6,21.22,8232
1,118,0,Rajon Rondo,13,15.88,8214
1,119,0,Billy Owens,14,13.3,8208
1,120,1,Chris Morris,11,14.83,8184
1,121,1,Eric Gordon,9,15.14,8151
1,122,0,Mark Olberding,11,12.29,8145
1,123,1,Robert Horry,18,13.17,8138
1,124,0,Phil Hubbard,12,13.34,8071
1,125,0,Tyreke Evans,10,16.73,8042
1,126,0,Aaron Brooks,15,12.33,7839
1,127,0,Carl Landry,13,17.24,7787
1,128,0,Bimbo Coles,18,10.57,7674
1,129,0,Matt Harpring,11,14.81,7645
1,130,1,Dave Corzine,13,12.47,7615
1,131,0,George McCloud,14,12.17,7583
1,132,1,Quintin Dailey,10,13.58,7470
1,133,1,Doug Collins,8,14.99,7427
1,134,1,Ray Felix,11,14.95,7316
1,135,1,Muggsy Bogues,16,13.8,7205
1,136,0,Kerry Kittles,8,15.28,7165
1,137,1,Pooh Richardson,10,13.9,7083
1,138,0,Tobias Harris,10,15.97,7024
1,139,0,C.J. Miles,12,12.78,7006
1,140,0,DeShawn Stevenson,17,8.21,6975
1,141,0,Voshon Lenard,13,13.33,6936
1,142,0,James Bailey,13,11.97,6901
1,143,0,Samuel Dalembert,13,15.22,6814
1,144,1,Charlie Villanueva,11,15.44,6808
1,145,0,Ed Pinckney,16,14.44,6774
1,146,0,Aaron McKie,17,11.45,6636
1,147,0,Ben Wallace,18,14.14,6602
1,148,0,Kevin Gamble,12,11.59,6540
1,149,0,Fred Roberts,15,12.37,6529
1,150,0,Terry Catledge,8,13.41,6520
1,151,0,Mario Elie,13,11.82,6502
1,152,1,Jared Dudley,12,12.99,6492
1,153,1,Udonis Haslem,14,12.08,6478
1,154,0,Doug West,12,9.98,6477
1,155,1,Tracy Murray,16,11.58,6458
1,156,0,Dick Garmaker,8,13.89,6446
1,157,0,Billy Paultz,13,11.78,6424
1,158,0,Michael Beasley,9,15.59,6411
1,159,0,Maurice Taylor,11,11.75,6361
1,160,1,Taj Gibson,10,15.16,6333
1,161,1,Al Attles,11,11.05,6328
1,162,0,Darwin Cook,10,13.27,6327
1,163,1,Herm Gilliam,8,13.71,6252
1,164,0,Eddie House,16,13.1,6226
1,165,0,Bill Walton*,10,18.57,6215
1,166,0,Lorenzen Wright,15,9.65,6206
1,167,0,Wali Jones,12,10.83,6195
1,168,0,Enes Kanter,8,19.76,6194
1,169,1,DeWanna Bonner,13,19.56,6184
1,170,0,Otto Moore,13,12.25,6177
1,171,1,Willie Green,12,10.62,6059
1,172,0,Derrick Favors,9,17.33,6012
1,173,1,Seimone Augustus,15,18.39,6005
1,174,0,Eric Snow,15,10.79,6000
1,175,1,Johnny Dawkins,9,15.27,5984
1,176,0,Greg Anthony,13,14.05,5971
1,177,0,Travis Best,12,13.48,5957
1,178,0,Paul Neumann,8,13.94,5953
1,179,1,Eric Piatkowski,14,12.56,5919
1,180,0,Larry Smith,13,11.82,5904
1,181,1,Darrall Imhoff,14,10.58,5887
1,182,1,Lionel Simmons,7,13.31,5833
1,183,0,John Bagley,11,11.33,5802
1,184,0,Rod Thorn,10,14.6,5792
1,185,0,Walter Dukes,8,14.05,5765
1,186,0,Gordan Giricek,13,11.28,5757
1,187,0,Jerryd Bayless,13,12.15,5710
1,188,0,Andray Blatche,9,15.39,5706
1,189,0,Robert Pack,15,13.87,5692
1,190,0,Dave Stallworth,10,13.34,5684
1,191,0,Sam Bowie,10,14.03,5564
1,192,0,Amir Johnson,12,16.64,5559
1,193,0,Al Bianchi,10,9.43,5550
1,194,0,Louis Orr,8,12.08,5545
1,195,1,Frank Selvy,12,10.89,5470
1,196,1,Anthony Johnson,21,10.4,5458
1,197,0,Kelvin Ransey,6,14.7,5380
1,198,0,Darius Miles,9,14.48,5368
1,199,0,Jason Thompson,10,13.66,5357
1,200,0,Nick Collison,13,12.78,5328
1,201,0,Shaun Livingston,18,11.6,5317
1,202,0,Brad Lohaus,17,11.07,5285
1,203,0,Andrew Lang,14,11.19,5263
1,204,0,Mark Eaton,11,10.75,5216
1,205,0,Lewis Lloyd,9,11.39,5199
1,206,1,Bobby Phills,9,13.63,5153
1,207,1,Ernie Grunfeld,9,12.44,5124
1,208,0,Blair Rasmussen,8,11.99,5119
1,209,0,Marcus Morris,8,11.18,5109
1,210,0,Avery Bradley,7,10.59,5008
1,211,0,Gary Trent,11,15.49,4996
1,212,0,Arnie Risen*,7,15.54,4936
1,213,1,Paul Seymour,9,9.49,4917
1,214,1,Chucky Brown,21,10.98,4915
1,215,1,Sheryl Swoopes,12,22.12,4875
1,216,0,Kenneth Faried,6,19.98,4858
1,217,0,Kevin Kunnert,11,13.24,4833
1,218,0,John Gianelli,10,11.21,4814
1,219,0,Dick McGuire*,9,15.47,4800
1,220,0,Nenad Krstic,9,13.38,4785
1,221,1,Ledell Eackles,7,13.5,4783
1,222,0,Charles Johnson,9,12.16,4764
1,223,0,Damon Jones,15,12.24,4684
1,224,0,Matt Bonner,12,13.42,4632
1,225,0,Aaron Williams,20,11.12,4618
1,226,0,Rick Robey,10,10.92,4541
1,227,0,Jim King,12,11.64,4516
1,228,0,Mike Glenn,10,14.53,4496
1,229,0,Walter Berry,7,17.2,4492
1,230,0,Don Buse,9,12.56,4485
1,231,0,Sonny Parker,6,15.23,4471
1,232,1,Jia Perkins,14,16.47,4435
1,233,1,Crystal Langhorne,13,16.18,4433
1,234,0,Michael Olowokandi,11,9.54,4373
1,235,0,Charlie Ward,13,12.13,4371
1,236,0,Gary Grant,13,14.08,4368
1,237,1,Elena Delle Donne,9,28.47,4323
1,238,1,Plenette Pierson,14,15.49,4258
1,239,1,Monique Currie,13,16.0,4253
1,240,0,Ish Smith,17,11.69,4231
1,241,1,Kwame Brown,14,11.38,4219
1,242,1,Skylar Diggins-Smith,9,19.19,4217
1,243,1,Tom Burleson,7,14.04,4190
1,244,0,Danny Green,8,13.28,4155
1,245,0,C.J. McCollum,4,14.92,4128
1,246,0,Clint Richardson,8,10.93,4084
1,247,0,Scott Williams,19,11.88,4037
1,248,0,Jeff Wilkins,8,9.43,3927
1,249,0,Evan Fournier,5,13.0,3918
1,250,0,Ed Davis,9,16.58,3901
1,251,0,Aaron James,5,13.7,3829
1,252,1,Elliot Perry,16,12.13,3820
1,253,1,Chasity Melvin,12,16.31,3814
1,254,1,Allie Quigley,14,13.95,3786
1,255,1,Devin Brown,12,10.01,3781
1,256,0,Max Zaslofsky,8,14.47,3770
1,257,0,Al-Farouq Aminu,7,12.21,3766
1,258,0,Wilbur Holland,4,14.0,3760
1,259,1,Jeff Foster,13,14.34,3747
1,260,1,Mike Gale,8,13.09,3743
1,261,1,Stan McKenzie,9,11.01,3705
1,262,0,Al Tucker,8,13.0,3673
1,263,1,Kentavious Caldwell-Pope,4,11.45,3665
1,264,0,Leon Douglas,7,10.2,3587
1,265,0,Damien Wilkins,9,11.28,3571
1,266,1,Draymond Green,5,14.4,3566
1,267,0,Eduardo Najera,16,10.76,3563
1,268,1,Renee Montgomery,11,13.9,3534
1,269,0,Don MacLean,9,11.27,3490
1,270,0,Michael Smith,12,13.98,3476
1,271,1,Jacque Vaughn,12,9.83,3463
1,272,0,Donald Royal,13,9.97,3458
1,273,1,DeMarre Carroll,12,11.72,3453
1,274,0,George Trapp,6,12.92,3353
1,275,0,Sly Williams,7,12.24,3327
1,276,0,Don Ford,9,9.69,3324
1,277,0,Terry Dehere,8,11.09,3318
1,278,0,Maurice Stokes*,3,20.9,3315
1,279,1,Brian Skinner,18,9.23,3300
1,280,0,Brandon Rush,9,8.66,3250
1,281,1,Andris Biedrins,10,12.69,3247
1,282,0,George Wilson,11,10.46,3141
1,283,1,Jordan Clarkson,3,14.77,3133
1,284,0,Dale Schlueter,10,12.11,3130
1,285,0,Mike Brown,11,9.05,3130
1,286,0,Kenny Walker,7,11.1,3128
1,287,0,Al Butler,6,12.63,3109
1,288,1,Shavonte Zellous,12,12.74,3103
1,289,0,Frankie Brian,5,13.54,3097
1,290,1,Briann January,14,10.74,3084
1,291,1,Mark Landsberger,9,12.91,3082
1,292,1,Norris Cole,8,9.28,3079
1,293,0,Leonard Gray,5,12.28,3042
1,294,0,Gheorghe Muresan,6,-1.05,3020
1,295,0,Luther Head,8,11.45,2991
1,296,1,Danielle Robinson,11,14.28,2973
1,297,0,Khalid Reeves,10,10.95,2962
1,298,1,Fred Hoiberg,10,12.65,2944
1,299,1,Odyssey Sims,9,13.78,2915
1,300,0,Danny Young,12,11.18,2902
1,301,1,Tyler Hansbrough,7,14.43,2881
1,302,0,Freddie Crawford,9,11.3,2858
1,303,0,Zach LaVine,3,13.4,2817
1,304,0,Tiago Splitter,7,17.04,2816
1,305,1,Bill McGill,7,15.14,2784
1,306,0,Marcus Fizer,6,13.7,2782
1,307,1,Jantel Lavender,11,14.63,2775
1,308,1,Josh McRoberts,12,12.99,2734
1,309,1,Harold Pressley,4,13.48,2702
1,310,0,Eric Montross,14,7.65,2668
1,311,0,Dave Twardzik,4,14.85,2666
1,312,1,Janeth Arcain,8,15.95,2652
1,313,1,Lindsey Harding,9,12.32,2647
1,314,0,Mike Green,6,13.47,2645
1,315,0,Kareem Rush,9,7.72,2615
1,316,1,Billy Thompson,6,8.57,2566
1,317,1,Nikki McCray,9,11.21,2550
1,318,1,Al Ferrari,6,9.0,2525
1,319,0,Ed Fleming,5,13.86,2511
1,320,0,Dave Budd,5,12.52,2505
1,321,0,John Trapp,7,11.03,2498
1,322,0,E'Twaun Moore,6,10.73,2489
1,323,1,Brent Price,9,11.49,2481
1,324,1,Cory Joseph,6,12.7,2479
1,325,0,Otto Porter,4,12.35,2469
1,326,0,Art Spoelstra,6,10.82,2461
1,327,1,Johnny McCarthy,6,7.9,2450
1,328,0,Alan Anderson,8,9.51,2421
1,329,0,John Henson,5,17.6,2418
1,330,0,Bud Stallworth,5,10.46,2403
1,331,1,Elston Turner,8,8.8,2397
1,332,0,Sam Williams,8,12.85,2383
1,333,0,Tom LaGarde,6,8.45,2376
1,334,1,Merlakia Jones,8,13.99,2353
1,335,0,Ernie Beck,9,11.22,2351
1,336,1,Kara Braxton,10,15.41,2247
1,337,1,Shekinna Stricklen,10,11.69,2245
1,338,0,Kristaps Porzingis,2,17.55,2224
1,339,0,Jahidi White,9,9.62,2215
1,340,1,Predrag Drobnjak,4,12.62,2187
1,341,0,Ennis Whatley,13,10.88,2185
1,342,1,Matt Maloney,6,9.0,2177
1,343,1,Bismack Biyombo,6,12.72,2176
1,344,1,Thomas Robinson,9,13.89,2169
1,345,1,Lorenzo Romar,9,9.01,2135
1,346,1,Greg Kite,18,4.38,2099
1,347,0,Anthony Randolph,8,15.41,2094
1,348,0,Robert Traylor,7,14.77,2085
1,349,0,Joe Hassett,8,12.49,2079
1,350,0,Gene Conley,6,9.97,2069
1,351,1,John Crotty,13,14.24,2062
1,352,0,Doug McDermott,5,9.66,2057
1,353,1,John Lambert,11,11.21,2049
1,354,1,Coco Miller,12,10.61,2032
1,355,1,Brittney Sykes,6,14.37,2019
1,356,1,Vicky Bullett,6,19.12,2018
1,357,0,Ronnie Price,12,8.84,2015
1,358,0,Felipe Lopez,6,11.63,1998
1,359,1,Elizabeth Williams,8,16.2,1995
1,360,0,Bob Lavoy,5,14.74,1994
1,361,0,Steve Harris,7,13.11,1975
1,362,1,Lou Amundson,19,8.31,1953
1,363,0,Francisco Elson,13,8.08,1948
1,364,1,Kedra Holland-Corn,7,13.84,1938
1,365,1,Latasha Byears,10,17.75,1935
1,366,1,Jessica Breland,9,14.99,1918
1,367,0,Greg Minor,5,12.68,1902
1,368,1,Julius Randle,3,7.57,1896
1,369,0,Rickey Brown,7,10.03,1881
1,370,0,Allen Crabbe,4,10.05,1878
1,371,0,Mitchell Butler,8,9.44,1868
1,372,0,Reggie Harding,4,11.35,1839
1,373,0,Ike Diogu,10,14.72,1833
1,374,0,Franklin Edwards,7,11.9,1802
1,375,0,Ollie Mack,7,9.21,1788
1,376,1,Kamila Vodichkova,7,15.91,1779
1,377,0,Royal Ivey,12,6.52,1734
1,378,0,Buddy Hield,3,12.2,1732
1,379,0,Landry Fields,5,11.04,1731
1,380,1,T.J. Warren,3,15.1,1711
1,381,0,Jimmer Fredette,9,15.19,1698
1,382,0,Major Jones,6,11.57,1643
1,383,0,Tony Wroten,4,9.72,1604
1,384,0,Ray Tolbert,11,10.03,1602
1,385,0,Don Reid,10,8.52,1598
1,386,0,Brian Scalabrine,11,7.47,1594
1,387,1,Byron Mullens,7,9.46,1587
1,388,1,Jake Tsakalidis,9,11.11,1581
1,389,1,Damiris Dantas,8,12.85,1550
1,390,0,LaBradford Smith,5,13.68,1550
1,391,0,Butch Lee,6,9.23,1546
1,392,1,Jerome James,9,14.11,1540
1,393,1,Mark Strickland,10,13.53,1533
1,394,0,Larry Sanders,6,13.12,1520
1,395,0,Tyler Johnson,3,13.9,1506
1,396,1,Jennifer Lacy,10,8.51,1506
1,397,1,Elaine Powell,10,11.99,1505
1,398,0,Rodney Buford,5,9.66,1472
1,399,1,Erlana Larkins,9,15.46,1445
1,400,0,Wally Osterkorn,4,9.98,1436
1,401,1,Tim Bassett,6,7.83,1424
1,402,1,Bridget Pettis,8,12.36,1408
1,403,1,Courtney Paris,10,15.91,1404
1,404,1,LaToya Thomas,6,15.02,1390
1,405,1,Vonteego Cummings,3,11.7,1381
1,406,1,Henry James,9,13.0,1359
1,407,0,John Roche,4,9.93,1358
1,408,0,Ryan Bowen,10,12.28,1319
1,409,1,Eva Nemcova,5,15.24,1304
1,410,1,Teaira McCowan,4,22.15,1304
1,411,0,Don Henriksen,3,11.57,1297
1,412,1,Napheesa Collier,4,17.3,1297
1,413,0,Rodrigue Beaubois,4,13.95,1286
1,414,1,Dave Minor,4,11.32,1283
1,415,1,Tayler Hill,6,12.52,1280
1,416,0,Travis Knight,7,9.21,1276
1,417,1,Teresa Weatherspoon,8,12.72,1264
1,418,0,Pep Saul,3,9.63,1255
1,419,1,Kenny Williams,4,15.95,1247
1,420,1,Nicky Anosike,5,15.7,1244
1,421,1,Erin Perperoglou,8,13.55,1232
1,422,0,J.J. Anderson,5,10.32,1231
1,423,1,Zeke Zawoluk,3,14.4,1210
1,424,1,Marina Mabrey,4,14.97,1203
1,425,0,Terence Stansbury,3,9.83,1200
1,426,1,Charlie Hardnett,3,13.47,1198
1,427,0,Troy Daniels,7,11.27,1187
1,428,1,Shane Larkin,3,10.83,1168
1,429,0,Archie Goodwin,6,14.93,1150
1,430,1,Jessica Davenport,6,16.77,1148
1,431,1,Cole Aldrich,9,14.44,1138
1,432,0,Jack Kerris,4,13.52,1137
1,433,0,Fred Hilton,2,11.3,1131
1,434,1,Tonya Edwards,4,13.8,1119
1,435,0,Vladimir Stepania,6,11.65,1118
1,436,0,Manny Leaks,2,10.25,1114
1,437,0,Tim Frazier,7,11.11,1100
1,438,0,Von Wafer,8,-0.19,1100
1,439,0,P.J. Hairston,4,7.25,1074
1,440,0,James Ennis,6,13.12,1059
1,441,0,Acie Law,9,11.12,1053
1,442,1,Sylvia Crawley,4,12.53,1050
1,443,1,Danny Finn,3,12.57,1042
1,444,0,Bob Nash,4,9.72,1036
1,445,1,Sabrina Ionescu,3,18.33,1033
1,446,0,Harthorne Wingo,4,12.02,1023
1,447,0,Alexander Volkov,2,13.7,1019
1,448,0,Clifford Rozier,6,7.07,1016
1,449,1,Bevo Nordmann,8,9.6,1005
1,450,1,Katie Mattera,5,15.54,1000
1,451,0,Carey Scurry,5,14.14,987
1,452,1,Ukari Figgs,5,13.24,980
1,453,0,Walter Bond,5,8.64,980
1,454,0,Bill Dinwiddie,4,7.4,974
1,455,1,Jim McDaniels,5,11.54,967
1,456,0,Ron Reed,2,11.85,951
1,457,0,Elmore Spencer,7,3.13,937
1,458,0,Justin Hamilton,7,11.49,932
1,459,0,Frank Kudelka,4,10.45,930
1,460,0,Yogi Ferrell,3,11.23,924
1,461,0,Julian Wright,4,12.97,907
1,462,1,Alex Montgomery,8,9.06,902
1,463,0,Mike Flynn,2,13.05,896
1,464,1,Juan Carlos,1,11.9,896
1,465,1,Tracy Jackson,5,10.68,890
1,466,1,Nate Hawthorne,3,12.6,882
1,467,0,Zarko Cabarkapa,5,16.82,878
1,468,1,Maria Stepanova,5,19.92,867
1,469,1,Alexis Hornbuckle,6,8.55,866
1,470,1,Alisa Burras,5,16.52,864
1,471,0,Calvin Garrett,4,8.45,855
1,472,1,Tiffani Johnson,6,11.2,849
1,473,1,Harold Ellis,3,16.57,840
1,474,0,Tracy Moore,5,16.64,833
1,475,1,John Laskowski,2,10.55,832
1,476,1,Deanna Jackson,5,13.84,830
1,477,0,Audie Norris,3,8.1,819
1,478,1,Delaney Rudd,4,8.03,816
1,479,1,Brittany Boyd,6,16.68,809
1,480,0,Dante Exum,2,7.15,805
1,481,0,Charlie Paulk,5,6.96,804
1,482,1,Justin Reed,5,8.2,797
1,483,1,Gerald Paddio,6,8.62,768
1,484,0,Malcolm Brogdon,1,14.9,767
1,485,1,Crystal Dangerfield,3,12.87,759
1,486,1,Alicia Thompson,6,12.4,759
1,487,0,Lowes Moore,3,13.8,752
1,488,1,Nia Coffey,6,6.98,741
1,489,1,Steve Henson,7,10.77,739
1,490,1,Tate George,4,8.05,736
1,491,1,Janice Braxton,3,18.13,733
1,492,1,Tom Thacker,4,8.5,721
1,493,1,Michael Ruffin,9,8.21,716
1,494,0,Hanno Mottola,2,7.95,715
1,495,0,Jay Williams,1,12.2,714
1,496,0,Ricky Berry,1,13.1,706
1,497,1,Jessie Hicks,6,12.78,705
1,498,0,Noah Vonleh,3,10.87,693
1,499,1,Andre Spencer,6,10.25,692
1,500,1,Michael Wiley,2,18.0,692
1,501,1,Jenna O'Hea,6,11.52,679
1,502,1,Tal Skinner,2,9.6,660
1,503,1,Elena Tornikidou,3,12.47,657
1,504,0,Wang Zhizhi,7,15.6,651
1,505,0,Jeff Withey,4,17.32,651
1,506,1,Viktor Khryapa,4,9.93,643
1,507,0,Ernie Barrett,2,7.95,641
1,508,1,Krystal Thomas,7,8.73,636
1,509,1,Jessica Moore,7,6.46,633
1,510,0,Eric Mobley,5,8.78,628
1,511,1,Leon Benbow,2,10.85,628
1,512,1,Aneika Henry-Morello,6,11.75,623
1,513,0,Zendon Hamilton,8,13.4,611
1,514,0,Jim Fritsche,4,0.9,607
1,515,0,Tom Black,3,8.03,598
1,516,0,Brian Quinnett,5,7.96,589
1,517,0,Dwayne Schintzius,8,8.74,587
1,518,1,Aari McDonald,2,13.15,587
1,519,0,Elliot Williams,6,9.92,574
1,520,1,Johnny Cox,1,10.3,573
1,521,0,Bill Hosket,4,14.4,573
1,522,1,Kara Wolters,4,14.1,561
1,523,1,Shoni Schimmel,3,14.93,560
1,524,0,Al Masino,4,14.88,560
1,525,1,Ronald Dupree,8,9.04,559
1,526,1,Kristin Haynie,5,10.22,555
1,527,1,Satou Sabally,3,16.3,549
1,528,1,Charlie Yelverton,1,10.3,545
1,529,1,Phil Pressey,5,10.32,544
1,530,1,Cindy Brown,2,16.5,532
1,531,1,Michael Bradley,10,9.64,531
1,532,1,Yvonne Turner,4,8.83,529
1,533,1,Suzie McConnell Serio,3,12.0,521
1,534,0,John Shasky,3,8.77,517
1,535,0,Claude Terry,4,11.72,515
1,536,1,Jaylen Brown,1,10.3,515
1,537,0,Chris Robinson,4,8.65,512
1,538,1,Belinda Snell,6,12.45,509
1,539,0,Frank Oleynick,2,10.25,508
1,540,0,Duck Williams,1,8.6,506
1,541,0,David Vaughn,7,12.49,503
1,542,1,Chantelle Anderson,5,9.5,503
1,543,0,Sean Green,5,5.16,501
1,544,0,Lester Hudson,8,11.4,500
1,545,1,Bob Schafer,4,7.12,497
1,546,0,Didier Ilunga-Mbenga,9,9.66,497
1,547,1,Adia Barnes,7,16.67,495
1,548,0,Bob Peterson,5,12.22,494
1,549,1,Sonja Henning,5,8.0,490
1,550,1,Pamela McGee,2,13.9,488
1,551,0,Reggie Carter,2,9.1,471
1,552,0,Pat Burke,3,9.17,468
1,553,1,Red Owens,3,11.07,460
1,554,1,Steve Sheppard,4,10.57,459
1,555,0,Joe Kennedy,2,3.35,454
1,556,0,Grant Gondrezick,2,11.35,454
1,557,1,John Kuester,3,10.07,451
1,558,1,Luke Harangody,4,10.05,446
1,559,1,Rudy White,7,8.99,445
1,560,0,Oscar Torres,2,13.05,442
1,561,0,Chris Porter,1,11.1,440
1,562,1,Annie La Fleur,4,10.03,439
1,563,0,Alexander Johnson,2,11.05,439
1,564,1,Chantel Tremitiere,4,7.88,438
1,565,1,Lindsay Allen,5,12.86,431
1,566,1,Andrew Harrison,1,8.7,425
1,567,0,Litterial Green,5,4.76,423
1,568,0,Dontonio Wingfield,4,7.45,423
1,569,1,Rick Carlisle,5,3.9,422
1,570,0,Cristiano Felicio,2,16.4,421
1,571,1,Te'a Cooper,2,10.0,420
1,572,1,Daniel Santiago,4,8.25,417
1,573,0,Robert Swift,4,8.07,416
1,574,1,Nadine Malcolm,2,10.85,413
1,575,1,Cleveland Buckner,2,14.85,411
1,576,1,Niele Ivey,5,9.76,408
1,577,0,Vincent Yarbrough,1,9.5,406
1,578,0,Jabari Smith,6,11.58,402
1,579,1,Bill Martin,3,7.8,397
1,580,1,DeAndre Liggins,6,29.95,397
1,581,0,Andre McCarter,3,4.4,392
1,582,1,Katie Gearlds,3,12.5,385
1,583,1,Jermaine Jackson,7,7.73,383
1,584,0,William Avery,3,7.03,379
1,585,1,Shannon Bobbitt,4,8.03,377
1,586,1,Teresa Edwards,2,11.45,375
1,587,1,Kate Starbird,5,10.4,373
1,588,0,Ed Gray,2,8.9,373
1,589,0,Troy Williams,3,9.77,370
1,590,1,Jack Molinas,1,19.2,370
1,591,0,Tyus Jones,2,12.5,365
1,592,0,Kyle Weaver,3,10.73,363
1,593,0,Howard Carter,2,2.3,351
1,594,0,Brad Holland,5,3.52,350
1,595,1,Tate Armstrong,2,8.8,350
1,596,0,Dorian Finney-Smith,1,7.7,350
1,597,1,Mark Radford,2,11.2,347
1,598,1,Natasha Lacy,5,12.04,347
1,599,1,Coretta Brown,4,9.78,344
1,600,0,Jawad Williams,3,9.03,340
1,601,1,Salah Mejri,2,15.8,338
1,602,1,Laura Harper,2,13.2,338
1,603,1,Laurie Koehn,5,14.9,336
1,604,0,Antonio Lang,8,9.56,335
1,605,0,Taurean Waller-Prince,1,9.8,335
1,606,0,Gary Freeman,3,14.23,334
1,607,0,Gary Garland,1,10.2,334
1,608,0,James Ray,3,8.77,334
1,609,0,Lawrence Roberts,2,13.6,334
1,610,1,Tora Suber,3,8.53,332
1,611,0,Pops Mensah-Bonsu,8,14.04,331
1,612,1,Chandi Jones,3,15.03,330
1,613,1,Andrea Nagy,4,6.6,327
1,614,0,Jon Brockman,3,9.53,320
1,615,0,Devin Durrant,2,6.85,317
1,616,1,Stewart Granger,3,5.27,316
1,617,1,Shakira Austin,1,17.4,312
1,618,0,Greg Howard,2,10.55,312
1,619,0,Chuck Nevitt,11,10.52,300
1,620,1,Rebekah Gardner,1,15.9,295
1,621,0,Ryan Humphrey,5,4.68,290
1,622,1,Andrea Lloyd-Curry,2,10.65,289
1,623,0,Melvin Booker,4,4.85,288
1,624,0,Mark Pope,6,1.73,285
1,625,1,Eddie Mast,3,9.9,283
1,626,0,Russ Lee,3,14.07,282
1,627,1,Amy Herrig,3,10.73,280
1,628,0,Chasson Randle,3,14.53,274
1,629,0,Cotton Nash,3,9.2,274
1,630,0,Paul Long,3,17.3,274
1,631,0,Phil Lumpkin,2,9.85,272
1,632,0,Dane Suttle,2,14.8,272
1,633,1,Sasha Goodlett,4,10.32,272
1,634,1,Tausha Mills,4,8.53,267
1,635,0,Donell Taylor,2,10.2,266
1,636,0,Gary Alcorn,2,5.05,261
1,637,1,Grace Daley,3,15.43,261
1,638,1,Bruce Flowers,1,15.2,261
1,639,0,Victor Claver,3,8.33,258
1,640,0,Delon Wright,2,16.4,253
1,641,0,Randy Allen,2,7.65,252
1,642,0,Dalibor Bagaric,3,6.33,251
1,643,0,Byron Beck,1,13.2,250
1,644,1,Kostas Papanikolaou,2,6.9,249
1,645,1,Kaila Charles,2,10.05,242
1,646,0,Mike Ratliff,2,5.1,241
1,647,0,Craig Shelton,2,7.3,240
1,648,0,Paul Zipser,1,6.9,240
1,649,0,Chad Kinch,3,6.6,236
1,650,0,DeQuan Jones,1,8.4,233
1,651,1,Megan Walker,3,4.13,229
1,652,1,Maylana Martin,2,8.4,227
1,653,0,Harvey Marlatt,3,8.23,225
1,654,0,Chris Herren,2,7.5,224
1,655,0,Devin Ebanks,3,11.33,224
1,656,1,Nayo Raincock-Ekunwe,2,12.25,221
1,657,1,Rich Niemann,4,10.55,220
1,658,0,Jim Smith,2,11.7,219
1,659,1,Aiysha Smith,2,10.15,219
1,660,1,Ewelina Kobryn,3,7.47,215
1,661,1,Yelena Leuchanka,4,7.2,207
1,662,0,Lorenzo Brown,3,7.87,206
1,663,0,Duane Cooper,2,7.75,204
1,664,0,Armon Johnson,4,13.85,204
1,665,0,Dave Johnson,2,6.95,204
1,666,0,Bernard James,3,13.07,203
1,667,1,Sean Lampley,2,17.0,203
1,668,0,Anthony Brown,4,9.12,201
1,669,1,Monica Lamb,3,12.83,200
1,670,0,Cedric Simmons,7,3.17,200
1,671,0,Joe Cooper,6,6.33,199
1,672,1,Ted Luckenbill,2,8.0,196
1,673,1,Carolyn Young,2,12.6,194
1,674,1,Destanni Henderson,1,11.2,191
1,675,1,Kristy Wallace,1,10.0,190
1,676,0,Dedric Willoughby,1,12.2,190
1,677,1,Jamila Wideman,3,6.33,188
1,678,1,Kristen Veal,2,6.4,187
1,679,1,Nikolina Milic,1,17.8,185
1,680,1,Jessica Adair,3,16.17,183
1,681,0,Andy Walker,1,13.0,180
1,682,0,Dick Surhoff,2,7.95,178
1,683,0,Ray Owes,1,11.1,177
1,684,0,Jim Owens,2,13.7,177
1,685,0,Larry Friend,1,7.7,175
1,686,0,Dennis Bell,3,4.4,175
1,687,0,Sonny Dove,2,10.0,174
1,688,0,Tyshawn Taylor,2,5.8,174
1,689,1,Erick Green,4,9.22,172
1,690,0,Jesse Dark,1,11.0,170
1,691,0,Garfield Smith,2,8.25,168
1,692,0,Dwayne Morton,1,11.0,167
1,693,0,Donta Smith,2,11.65,165
1,694,0,Tom Workman,5,7.54,165
1,695,0,Josh Davis,6,12.88,162
1,696,0,Bart Kofoed,5,6.2,162
1,697,1,Ashley Shields,2,4.15,161
1,698,1,LaQuanda Barksdale,3,6.27,161
1,699,0,Jay Murphy,4,6.9,160
1,700,0,Paul McCracken,3,9.53,160
1,701,0,Billy Thomas,5,1.18,158
1,702,0,Earl Evans,1,10.3,157
1,703,1,Robin Threatt-Elliott,1,11.6,155
1,704,0,Joe Hutton,1,8.0,155
1,705,1,Maalik Wayns,4,11.4,154
1,706,0,Jake Jones,3,8.9,152
1,707,1,Vedrana Grgin-Fonseca,3,7.23,151
1,708,1,Naz Hillmon,1,11.5,150
1,709,0,Ken Murray,1,7.9,149
1,710,1,Evanthia Maltsi,1,12.4,147
1,711,1,Dragan Bender,1,5.3,146
1,712,1,Keri Chaconas,1,6.7,144
1,713,0,Howard Wood,1,12.0,144
1,714,0,Anthony Taylor,1,11.1,144
1,715,0,Awvee Storey,3,9.2,143
1,716,0,Jim Ware,2,6.25,143
1,717,0,Daniel Orton,3,12.4,143
1,718,0,Wayne Selden,3,7.7,142
1,719,1,Tajama Abraham,2,7.3,140
1,720,1,Yolanda Moore,3,4.6,140
1,721,1,Keisha Hampton,2,12.05,139
1,722,1,Chris Richard,2,7.2,135
1,723,0,Clinton Smith,2,9.35,134
1,724,0,Pat Connaughton,2,8.2,134
1,725,0,Matt Freije,2,5.1,133
1,726,1,Marques Bragg,1,9.8,131
1,727,1,Charli Collier,2,7.25,130
1,728,1,Bracey Wright,2,12.95,129
1,729,1,Lucienne Berthieu,3,14.87,129
1,730,1,Dick Dickey,1,9.6,127
1,731,1,Angie Potthoff,1,6.6,127
1,732,0,Mike Lynn,2,3.45,126
1,733,0,Mouhamed Sene,5,24.96,123
1,734,0,Pat Frink,1,7.9,123
1,735,1,Jerry Greenspan,2,12.2,122
1,736,0,Phil Hankinson,2,17.5,122
1,737,0,Kevin Henderson,4,6.9,122
1,738,1,Marion Jones,2,7.7,121
1,739,0,Chris Wright,3,11.07,120
1,740,0,Bob Wiesenhahn,1,7.5,119
1,741,1,Lauren Cox,2,11.85,118
1,742,1,Otis Howard,3,12.27,118
1,743,1,John Turner,1,7.8,117
1,744,1,Kasha Terry,2,8.25,117
1,745,0,Howard Wright,5,17.2,116
1,746,1,Milena Flores,1,7.1,112
1,747,0,Bob Greacen,2,6.3,111
1,748,0,Lionel Chalmers,1,6.5,111
1,749,0,James Thomas,6,11.77,108
1,750,1,Kim Smith,2,4.05,107
1,751,0,Fred VanVleet,1,10.5,107
1,752,0,Jonathan Gibson,1,9.5,106
1,753,1,Brooke Smith,3,10.93,102
1,754,0,Steve Courtin,1,6.9,101
1,755,1,DeAndre' Bembry,1,8.8,101
1,756,1,Audrey Sauret,2,5.65,100
1,757,0,Marshall Rogers,1,9.8,100
1,758,1,Naomi Mulitauaopele,1,10.4,99
1,759,1,Mikiko Hagiwara,2,6.85,98
1,760,0,Keith Tower,4,1.85,98
1,761,0,Shane Heal,2,5.15,97
1,762,0,Christian Wood,2,15.75,96
1,763,1,Martin Nessley,3,2.67,96
1,764,1,Elena Shakirova,3,20.13,96
1,765,1,Cierra Burdick,4,10.5,96
1,766,0,Dwight Buycks,2,10.15,95
1,767,1,Liz Moeggenberg,2,8.65,95
1,768,1,Sandra Van Embricqs,1,10.9,94
1,769,1,Lamar Patterson,2,1.6,93
1,770,0,Larry Owens,4,9.97,93
1,771,1,Tito Horford,3,3.5,93
1,772,1,April Sykes,1,11.1,92
1,773,0,Mike Silliman,1,8.0,91
1,774,1,Sheldon McClellan,1,10.1,90
1,775,0,Lanard Copeland,2,7.0,90
1,776,0,Martin Lewis,2,11.05,89
1,777,1,Adrienne Shuler,1,10.5,89
1,778,1,Jene Morris,2,8.3,89
1,779,0,Blake Ahearn,3,4.87,88
1,780,1,Marcus Landry,3,-3.83,88
1,781,0,George Karl,2,6.45,85
1,782,1,Kathrin Ress,1,5.6,85
1,783,0,Russ Smith,4,5.45,83
1,784,0,Josh Selby,2,1.7,83
1,785,1,Karlie Samuelson,4,6.85,82
1,786,0,Irv Kiffin,1,3.7,82
1,787,1,Brooke McCarty-Williams,1,7.5,81
1,788,1,Mfon Udoka,1,11.6,80
1,789,0,Frank Kendrick,1,20.3,80
1,790,1,Mikiah Herbert Harrigan,2,5.0,79
1,791,0,Ron Horn,2,-0.15,77
1,792,1,Erick Barkley,2,10.05,77
1,793,0,Jay Carty,1,10.1,76
1,794,1,Pauline Jordan,1,11.0,74
1,795,0,Todd Mundt,3,6.23,74
1,796,1,D.J. Strawberry,1,6.2,73
1,797,0,Tom Sluby,1,12.2,73
1,798,0,Scott Meents,2,10.65,72
1,799,0,Joe Stephens,3,10.3,71
1,800,0,Bob Williams,2,9.5,70
1,801,1,Gergana Branzova,1,8.3,69
1,802,0,Soumaila Samake,2,10.95,68
1,803,1,A'dia Mathies,1,6.0,68
1,804,0,Guy Williams,2,11.6,68
1,805,0,John Coughran,1,6.0,68
1,806,0,Walter Jordan,1,8.5,68
1,807,1,McCoy Ingram,1,7.6,67
1,808,1,Jennifer Hamson,2,15.9,66
1,809,0,Etdrick Bohannon,6,6.83,66
1,810,1,Rui Machida,1,6.6,65
1,811,0,Alex Poythress,1,13.2,64
1,812,1,Steve Downing,2,1.85,64
1,813,0,Jim Johnstone,3,3.93,62
1,814,1,Stacy Frese,1,12.5,62
1,815,0,David Pope,2,5.65,62
1,816,0,Donald Whiteside,2,4.15,61
1,817,0,John Fairchild,1,3.9,60
1,818,0,Adam Harrington,3,6.4,60
1,819,1,Tony Fuller,1,6.9,60
1,820,1,Michelle Campbell,2,5.15,60
1,821,1,Beth Cunningham,1,5.5,59
1,822,1,Nicolas Laprovittola,1,8.4,59
1,823,0,Jordan Mickey,2,12.55,59
1,824,0,Bruce Kuczenski,4,0.33,56
1,825,0,Isaiah Morris,1,10.6,55
1,826,1,Gillian Goring,1,17.4,54
1,827,0,Stan Brown,1,6.1,54
1,828,0,Richard Petruska,1,12.3,53
1,829,1,Camille Cooper,2,16.2,53
1,830,1,Katrina Hibbert,1,7.7,53
1,831,0,Anthony Grundy,1,16.6,52
1,832,1,Corissa Yasen,1,11.1,52
1,833,0,Robert Hite,1,7.4,51
1,834,0,Grady O'Malley,1,8.6,50
1,835,1,Alexis Prince,3,26.07,50
1,836,0,Robert Whaley,1,7.6,49
1,837,1,Rachel Hollivay,2,7.7,48
1,838,1,Linnae Harper,1,10.8,48
1,839,1,Ron Moore,3,1.77,48
1,840,1,Jamel Thomas,4,7.65,47
1,841,1,Amanda Thompson,2,6.25,47
1,842,1,Herb Scherer,1,3.9,47
1,843,0,Willie Williams,3,2.47,46
1,844,1,Henry Dickerson,2,6.55,45
1,845,0,Justin Harper,3,4.5,45
1,846,1,Shanece McKinney,1,10.8,44
1,847,1,Carla Thomas,1,11.7,43
1,848,0,James Augustine,2,13.7,42
1,849,0,Horace Jenkins,1,10.2,42
1,850,0,Jamaal Franklin,2,4.8,42
1,851,1,Candace Futrell,1,11.4,42
1,852,1,Hutch Jones,2,2.3,41
1,853,1,Cedric Jackson,4,4.48,40
1,854,0,Belus Smawley,1,3.1,40
1,855,0,Clifford Lett,2,-1.05,38
1,856,0,Chuckie Williams,1,8.8,37
1,857,0,Stanley Brundy,1,10.1,37
1,858,0,Tony Windis,1,7.5,36
1,859,1,Courtney Coleman,1,9.1,36
1,860,0,Nate Driggers,1,6.8,36
1,861,1,Adut Bulgak,2,16.6,36
1,862,1,Kysre Gondrezick,1,2.7,36
1,863,1,Alexis Peterson,1,3.7,35
1,864,1,Aisha Sheppard,1,1.8,35
1,865,0,Vic Bartolome,1,4.4,34
1,866,1,Kelley Cain,2,6.85,34
1,867,1,Ed Burton,2,10.2,33
1,868,0,Leon Smith,2,17.85,33
1,869,1,Jannon Roland,1,2.7,33
1,870,0,Desmond Penigar,1,12.9,32
1,871,1,Shea Mahoney,2,10.85,32
1,872,1,Jim Creighton,1,5.5,31
1,873,1,Kamiah Smalls,2,8.85,31
1,874,0,Tim Quarterman,1,10.2,31
1,875,0,Kevinn Pinkney,1,11.6,31
1,876,0,Julius Nwosu,1,6.8,31
1,877,0,Tom Piotrowski,1,9.2,30
1,878,1,Dymond Simon,1,2.8,30
1,879,0,Sergei Bazarevich,1,13.6,30
1,880,0,Scott Sims,1,5.2,30
1,881,1,Danielle Crockrom,1,11.2,29
1,882,0,Jay Miller,2,0.35,29
1,883,1,Josh Huestis,2,16.4,28
1,884,0,Greg Bunch,1,9.2,28
1,885,0,William Cunningham,6,8.72,28
1,886,1,Gennifer Brandon,1,9.1,28
1,887,1,Debra Williams,1,4.4,27
1,888,0,John Windsor,1,12.5,27
1,889,1,Sharnee Zoll,2,6.0,27
1,890,1,Endy Miyem,1,4.8,27
1,891,0,Jack Cooley,1,11.4,27
1,892,0,Cheese Johnson,1,9.4,27
1,893,1,Nadine Domond,1,8.5,27
1,894,0,Desmon Farmer,2,7.9,26
1,895,0,Nemanja Nedovic,1,-1.7,26
1,896,0,Jerry Baskerville,1,8.0,26
1,897,1,Erin Grant,1,9.1,25
1,898,1,Daniel Ochefu,1,6.6,24
1,899,0,Rich Laurel,1,7.5,24
1,900,0,Stephen Zimmerman,1,7.3,23
1,901,1,Ta'Shia Phillips,1,12.4,22
1,902,1,Joel Bolomboy,1,19.7,22
1,903,0,Carlton McKinney,2,-4.2,22
1,904,0,Eddie Owens,1,8.8,21
1,905,1,Gary Payton,1,4.5,20
1,906,0,John Pinone,1,7.8,20
1,907,0,Damian Jones,1,5.3,19
1,908,0,Nikita Wilson,1,2.3,19
1,909,0,Jeff Nordgaard,1,11.6,18
1,910,1,Jenny Boucek,1,1.0,18
1,911,1,Craig Spitzer,1,14.6,18
1,912,1,Charlie Black,1,1.1,17
1,913,1,Kimberly Beck,1,12.1,17
1,914,0,Andreas Glyniadakis,1,-3.3,17
1,915,1,Wendi Willits,1,11.2,17
1,916,0,Dick Miller,3,3.03,16
1,917,1,Susie Hopson-Shelton,1,25.7,16
1,918,0,Larry Moffett,1,4.0,16
1,919,1,Stephanie Watts,1,2.4,15
1,920,0,Kevin Murphy,1,-4.5,15
1,921,1,Luis Montero,1,-2.7,14
1,922,1,Bob Riley,1,10.9,13
1,923,0,Mel Gibson,1,2.5,13
1,924,0,Erik Daniels,1,4.6,13
1,925,0,Zeke Sinicola,2,-4.4,13
1,926,0,Howard Nathan,1,11.3,13
1,927,0,Kevin Thompson,1,4.9,13
1,928,1,Wayne Stevens,1,6.1,13
1,929,0,Darryl Johnson,1,9.7,12
1,930,0,Ted Manakas,1,7.2,12
1,931,0,Mike O'Neill,1,4.6,12
1,932,0,Phil Martin,1,6.6,12
1,933,0,Alvin Sims,1,10.9,11
1,934,0,Xavier Silas,1,0.1,11
1,935,0,Ray Corley,1,-6.9,11
1,936,0,Kenton Edelin,1,3.3,11
1,937,1,Zuzana Zirkova,1,14.3,11
1,938,1,Shay Doron,1,9.8,10
1,939,0,Cliff Alexander,1,11.6,10
1,940,1,Rennia Davis,1,3.8,10
1,941,1,Caity Matter,1,4.7,9
1,942,0,David Stockton,1,10.8,8
1,943,0,Cedric Ball,1,10.8,8
1,944,0,Scott Machado,1,6.0,8
1,945,0,Will Conroy,5,-2.54,7
1,946,0,Jay Edwards,1,7.8,7
1,947,1,Margold Clark,1,4.1,7
1,948,1,Dwight Waller,1,2.3,7
1,949,0,Oliver Lafayette,1,12.8,7
1,950,1,Sun Yue,1,-8.6,6
1,951,0,Greg Lee,1,12.8,6
1,952,0,Chad Gallagher,1,66.8,6
1,953,0,Patrick Christopher,1,-2.6,6
1,954,1,Chandra Johnson,1,2.5,6
1,955,0,Butch Graves,1,-0.8,5
1,956,1,Kiana Williams,1,1.8,5
1,957,0,Steven Smith,1,-1.8,5
1,958,0,Myles Patrick,1,6.9,5
1,959,0,Darrell Elston,1,-1.6,5
1,960,0,John Pilch,1,-2.6,5
1,961,0,Don Asmonga,1,-7.5,5
1,962,1,Stacy Stephens,1,2.1,4
1,963,1,Pietra Gay,1,2.8,4
1,964,0,Norton Barnhill,1,4.7,4
1,965,1,Ed Earle,1,15.0,4
1,966,1,Hajdana Radunovic,1,15.9,4
1,967,0,Hal Lear,1,1.0,4
1,968,1,George Bon,1,0.1,4
1,969,1,Tony Price,1,2.4,4
1,970,0,Isaiah Taylor,1,0.3,3
1,971,1,Chay Shegog,1,4.7,3
1,972,0,Carl McNulty,1,-9.7,2
1,973,1,Jerome Beasley,1,5.9,2
1,974,0,Roger Strickland,1,-0.1,2
1,975,1,Cassandra Crumpton-Moorer,1,3.0,2
1,976,1,Gabriela Marginean,1,8.6,2
1,977,1,Ameryst Alston,1,29.8,2
1,978,1,Angelina Wolvert,1,9.6,2
1,979,0,Red Davis,1,-3.3,2
1,980,0,Gary Voce,1,19.2,2
1,981,0,Mike Kearns,1,1.0,1
1,982,0,Mike Champion,1,-43.7,0
1,983,0,Darius Johnson-Odom,2,-14.85,0
1,984,1,Tina Krajisnik,1,9.4,0
1,985,1,Raina Perez,1,18.6,0
1,986,0,Andy Panko,1,0.0,0
1,987,1,Ben Bentil,1,-17.6,0
1,988,1,Danuel House,1,12.2,0
1,989,1,Derek Hood,1,-24.2,0
1,990,0,Elias Harris,1,7.6,0
1,991,0,Royce White,1,-8.3,0
1,992,0,Mile Ilic,1,-48.6,0
